﻿<?xml version="1.0" encoding="UTF-8" standalone="yes"?>
<addon id="repository.finnish-tv" name="Finnish TV" version="1.0.1" provider-name="szymex">
	<extension point="xbmc.addon.repository" name="Finnish TV">
		<info compressed="false">https://github.com/szymex/xbmc-finnish-tv/raw/master/addons.xml</info>
		<checksum>https://github.com/szymex/xbmc-finnish-tv/raw/master/addons.xml.md5</checksum>
		<datadir zip="true">https://github.com/szymex/xbmc-finnish-tv/raw/master/repo/</datadir>
	</extension>
	<extension point="xbmc.addon.metadata">
		<summary>Add-ons for finnish tv</summary>
		<description>Download and install addons from finnish tv repository.</description>
		<platform>all</platform>
	</extension>
</addon>
