<?xml version="1.0" encoding="UTF-8" standalone="yes"?>
<addon id="plugin.video.yleareena"
       name="YLE Areena"
       version="1.7.3"
       provider-name="szymex">
    <requires>
        <import addon="xbmc.python" version="2.1.0"/>
        <import addon="script.module.parsedom" version="0.9.1"/>
        <import addon="script.module.simple.downloader" version="1.9.5"/>
    </requires>
    <extension point="xbmc.python.pluginsource" library="yleareena.py">
    <provides>video</provides>
    </extension>
    <extension point="xbmc.addon.metadata">
        <summary>YLE Areena</summary>
        <language>fi en</language>
        <description>http://areena.yle.fi</description>
        <platform>all</platform>
        <nofanart>false</nofanart>
    </extension>
</addon>
