<?xml version="1.0" encoding="UTF-8" standalone="yes"?>
<addon id="plugin.video.katsomo"
       name="Katsomo"
       version="1.2.99"
       provider-name="szymex">
    <requires>
        <import addon="xbmc.python" version="2.1.0"/>
        <import addon="script.module.parsedom" version="0.9.1"/>
    </requires>
    <extension point="xbmc.python.pluginsource" library="katsomo.py">
        <provides>video</provides>
    </extension>
    <extension point="xbmc.addon.metadata">
        <summary>Katsomo</summary>
        <language>fi</language>
        <description>TV Videos from Katsomo.fi (mtv3, sub, ava)</description>
        <platform>all</platform>
        <nofanart>false</nofanart>
    </extension>
</addon>
