<?xml version="1.0" encoding="UTF-8" standalone="yes"?>
<addon id="plugin.video.ruutu"
       name="Ruutu.fi"
       version="1.1.0"
       provider-name="szymex">
  <requires>
    <import addon="xbmc.python" version="2.0"/>
    <import addon="script.module.parsedom" version="0.9.1"/>
  </requires>
  <extension point="xbmc.python.pluginsource" library="ruutu.py">
        <provides>video</provides>
  </extension>
  <extension point="xbmc.addon.metadata">
    <summary>Ruutu.fi</summary>
    <description>Finnish tv programs from channels: Nelonen, Liv, Jim</description>
    <platform>all</platform>
  </extension>
</addon>
